{"cameraMode":{"drawMode":0,"name":"Shaded","section":"Shading Mode"},"sceneLighting":false,"audioPlay":false,"sceneViewState":{"m_AlwaysRefresh":false,"showFog":true,"showSkybox":false,"showFlares":true,"showImageEffects":true,"showParticleSystems":true,"showVisualEffectGraphs":true,"m_FxEnabled":true},"in2DMode":false,"pivot":{"x":0.01796281337738037,"y":1.1008110046386719,"z":-0.007817387580871582},"rotation":{"x":0.32559412717819216,"y":0.6365411281585693,"z":-0.3389521837234497,"w":0.6114511489868164},"size":2.499000310897827,"orthographic":false}